TEXTUREID,ANIMAIONID,REPEAT(0: true, 1: false)
RayannaB,idle,0

,132,102,0,1038,80,74,0.100000
,132,102,80,1038,80,74,0.100000
,132,102,160,1038,80,74,0.100000
,132,102,240,1038,80,74,0.100000
,132,102,320,1038,80,74,0.100000
,132,102,400,1038,80,74,0.100000
,132,102,480,1038,80,74,0.100000
,132,102,560,1038,80,74,0.100000