TEXTUREID,ANIMAIONID,REPEAT(0: true, 1: false)
RayannaB,reianaDead,0

,49,47,0,2263,49,47,0.100000
,49,47,49,2263,49,47,0.100000
,49,47,98,2263,49,47,0.100000
,49,47,147,2263,49,47,0.100000
,49,47,196,2263,49,47,0.100000
,79,22,246,2289,98,22,0.100000