TEXTUREID,ANIMAIONID,REPEAT(0: true, 1: false)
RayannaB,risingPierceReady,0

,80,117,0,1810,80,117,0.100000
,80,117,80,1810,80,117,0.100000
,80,117,160,1810,80,117,0.100000