TEXTUREID,ANIMAIONID,REPEAT(0: true, 1: false)
RayannaB,risingPierceEnd,0

,80,117,0,1693,80,117,0.100000
,80,117,80,1693,80,117,0.100000
,80,117,160,1693,80,117,0.100000