TEXTUREID,ANIMAIONID,REPEAT(0: true, 1: false)
RayannaB,rushEnd,0

,91,74,0,1927,91,74,0.100000
,91,74,91,1927,91,74,0.100000
,91,74,182,1927,91,74,0.100000
,91,74,273,1927,91,74,0.100000
,91,74,364,1927,91,74,0.100000