TEXTUREID,ANIMAIONID,REPEAT(0: true, 1: false)
RayannaB,rushA,0

,74,58,0,2061,74,58,0.100000
,74,58,74,2061,74,58,0.100000
,74,58,148,2061,74,58,0.100000