TEXTUREID,ANIMAIONID,REPEAT(0: true, 1: false)
RayannaB,rushC,0

,107,58,0,2177,107,58,0.100000
,107,58,107,2177,107,58,0.100000
,107,58,214,2177,107,58,0.100000
,107,58,321,2177,107,58,0.100000
,107,58,428,2177,107,58,0.100000
,107,58,535,2177,107,58,0.100000
,107,58,642,2177,107,58,0.100000
,107,58,749,2177,107,58,0.100000
,107,58,856,2177,107,58,0.100000