TEXTUREID,ANIMAIONID,REPEAT(0: true, 1: false)
RayannaB,rushB,0

,107,58,0,2119,107,58,0.100000
,107,58,107,2119,107,58,0.100000
,107,58,214,2119,107,58,0.100000