TEXTUREID,ANIMAIONID,REPEAT(0: true, 1: false)
RayannaB,rushReady,0

,69,60,0,2001,69,60,0.100000
,69,60,69,2001,69,60,0.100000
,69,60,138,2001,69,60,0.100000