TEXTUREID,ANIMAIONID,REPEAT(0: true, 1: false)
Awake,,0

,198,164,0,0,198,164,0.100000
,198,164,198,0,198,164,0.100000
,198,164,396,0,198,164,0.100000
,198,164,594,0,198,164,0.100000
,198,164,792,0,198,164,0.100000
,198,164,990,0,198,164,0.100000
,198,164,1188,0,198,164,0.100000
,198,164,1386,0,198,164,0.100000
,198,164,1584,0,198,164,0.100000
,198,164,1782,0,198,164,0.100000
,198,164,1980,0,198,164,0.100000
,198,164,2178,0,198,164,0.100000
,198,164,2376,0,198,164,0.100000
,198,164,2574,0,198,164,0.100000
,198,164,2772,0,198,164,0.100000
,198,164,2970,0,198,164,0.100000
,198,164,3168,0,198,164,0.100000
,198,164,3366,0,198,164,0.100000
,198,164,3564,0,198,164,0.100000
,198,164,3762,0,198,164,0.100000
,198,164,0,164,198,164,0.100000
,198,164,198,164,198,164,0.100000
,198,164,396,164,198,164,0.100000
,198,164,594,164,198,164,0.100000
,198,164,792,164,198,164,0.100000
,198,164,990,164,198,164,0.100000
,198,164,1188,164,198,164,0.100000
,198,164,1386,164,198,164,0.100000
,198,164,1584,164,198,164,0.100000
,198,164,1782,164,198,164,0.100000
,198,164,1980,164,198,164,0.100000
,198,164,2178,164,198,164,0.100000
,198,164,2376,164,198,164,0.100000
,198,164,2574,164,198,164,0.100000
,198,164,2772,164,198,164,0.100000
,198,164,2970,164,198,164,0.100000
,198,164,3168,164,198,164,0.100000
,198,164,3366,164,198,164,0.100000
,198,164,3564,164,198,164,0.100000
,198,164,3762,164,198,164,0.100000
,198,164,0,328,198,164,0.100000
,198,164,198,328,198,164,0.100000
,198,164,396,328,198,164,0.100000
,198,164,594,328,198,164,0.100000
,198,164,792,328,198,164,0.100000
,198,164,990,328,198,164,0.100000
,198,164,1188,328,198,164,0.100000
,198,164,1386,328,198,164,0.100000
,198,164,1584,328,198,164,0.100000
,198,164,1782,328,198,164,0.100000
,198,164,1980,328,198,164,0.100000
,198,164,2178,328,198,164,0.100000
,198,164,2376,328,198,164,0.100000
,198,164,2574,328,198,164,0.100000
,198,164,2772,328,198,164,0.100000
,198,164,2970,328,198,164,0.100000
,198,164,3168,328,198,164,0.100000
,198,164,3366,328,198,164,0.100000
,198,164,3564,328,198,164,0.100000
,198,164,3762,328,198,164,0.100000
,198,164,0,492,198,164,0.100000
,198,164,198,492,198,164,0.100000
,198,164,396,492,198,164,0.100000
,198,164,594,492,198,164,0.100000
,198,164,792,492,198,164,0.100000