TEXTUREID,ANIMAIONID,REPEAT(0: true, 1: false)
Items,itemBox,0

,16,16,0,80,16,16,0.100000
,16,16,16,80,16,16,0.100000
,16,16,32,80,16,16,0.100000
,16,16,48,80,16,16,0.100000