TEXTUREID,ANIMAIONID,REPEAT(0: true, 1: false)
Little Bone,littleboneRun,0

,128,128,838,0,128,128,0.100000
,128,128,1038,0,128,128,0.100000
,128,128,1238,0,128,128,0.100000
,128,128,1438,0,128,128,0.100000
,128,128,1638,0,128,128,0.100000
,128,128,1838,0,128,128,0.100000
,128,128,2038,0,128,128,0.100000
,128,128,2238,0,128,128,0.100000