TEXTUREID,ANIMAIONID,REPEAT(0: true, 1: false)
mario_bros,marioItemGrap,0

,64,128,336,0,16,32,0.100000
,64,128,352,0,16,32,0.010000
,64,128,368,0,16,32,0.010000