TEXTUREID,ANIMAIONID,REPEAT(0: true, 1: false)
mario_bros,marioSwimming,0

,64,128,240,0,16,32,0.100000
,64,128,256,0,16,32,0.010000
,64,128,272,0,16,32,0.010000
,64,128,304,0,16,32,0.010000