TEXTUREID,ANIMAIONID,REPEAT(0: true, 1: false)
NormalAttack,normalAttack,0

,200,200,0,0,200,200,0.100000
,200,200,200,0,200,200,0.100000
,200,200,400,0,200,200,0.100000
,200,200,600,0,200,200,0.100000
,200,200,800,0,200,200,0.100000
,200,200,1000,0,200,200,0.100000
,200,200,1200,0,200,200,0.100000
,200,200,1400,0,200,200,0.100000
,200,200,1600,0,200,200,0.100000
,200,200,1800,0,200,200,0.100000