TEXTUREID,ANIMAIONID,REPEAT(0: true, 1: false)
SkulSpear,spearIdle,0

,77,52,0,283,77,52,0.100000
,77,52,77,283,77,52,0.100000
,77,52,154,283,77,52,0.100000
,77,52,231,283,77,52,0.100000
,77,52,308,283,77,52,0.100000
,77,52,385,283,77,52,0.100000
,77,52,462,283,77,52,0.100000
,77,52,539,283,77,52,0.100000