TEXTUREID,ANIMAIONID,REPEAT(0: true, 1: false)
SkulSpear,spearFallRepeat,0

,83,46,0,237,83,46,0.100000
,83,46,83,237,83,46,0.100000
,83,46,166,237,83,46,0.100000