TEXTUREID,ANIMAIONID,REPEAT(0: true, 1: false)
SkulSpear,spearParryAttack,0

,117,47,0,521,117,47,0.100000
,117,47,117,521,117,47,0.100000
,117,47,234,521,117,47,0.100000
,117,47,351,521,117,47,0.100000
,117,47,468,521,117,47,0.100000