TEXTUREID,ANIMAIONID,REPEAT(0: true, 1: false)
SkulSpear,spearParry,0

,63,49,0,472,63,49,0.100000
,63,49,63,472,63,49,0.100000
,63,49,126,472,63,49,0.100000
,63,49,189,472,63,49,0.100000
,63,49,252,472,63,49,0.100000
,63,49,315,472,63,49,0.100000
,63,49,378,472,63,49,0.100000
,63,49,441,472,63,49,0.100000
,63,49,504,472,63,49,0.100000
,63,49,567,472,63,49,0.100000
,63,49,630,472,63,49,0.100000