TEXTUREID,ANIMAIONID,REPEAT(0: true, 1: false)
SkulSpear,spearAttackB,0

,87,48,0,51,87,48,0.100000
,87,48,87,51,87,48,0.100000
,87,48,174,51,87,48,0.100000
,87,48,261,51,87,48,0.100000
,87,48,348,51,87,48,0.100000
,87,48,435,51,87,48,0.100000