TEXTUREID,ANIMAIONID,REPEAT(0: true, 1: false)
SkulSpear,spearPierce,0

,92,45,0,568,92,45,0.100000
,92,45,92,568,92,45,0.100000
,92,45,184,568,92,45,0.100000
,92,45,276,568,92,45,0.100000