TEXTUREID,ANIMAIONID,REPEAT(0: true, 1: false)
SkulSpear,spearAttackA,0

,107,51,0,0,107,51,0.100000
,107,51,107,0,107,51,0.100000
,107,51,214,0,107,51,0.100000
,107,51,321,0,107,51,0.100000
,107,51,428,0,107,51,0.100000
,107,51,535,0,107,51,0.100000