TEXTUREID,ANIMAIONID,REPEAT(0: true, 1: false)
SkulSpear,spearRun,0

,89,50,0,613,89,50,0.100000
,89,50,89,613,89,50,0.100000
,89,50,175,613,89,50,0.100000
,89,50,265,613,89,50,0.100000
,89,50,363,613,89,50,0.100000
,89,50,445,613,89,50,0.100000
,89,50,534,613,89,50,0.100000
,89,50,623,613,89,50,0.100000