TEXTUREID,ANIMAIONID,REPEAT(0: true, 1: false)
SkulSpear,spearJumpAttack,0

,90,40,0,385,90,40,0.100000
,90,40,90,385,90,40,0.100000
,90,40,180,385,90,40,0.100000
,90,40,270,385,90,40,0.100000