TEXTUREID,ANIMAIONID,REPEAT(0: true, 1: false)
Little Bone,littleboneSwapAttack,0

,128,128,638,1350,128,128,0.100000
,128,128,838,1350,128,128,0.100000
,128,128,1038,1350,128,128,0.100000
,128,128,1238,1350,128,128,0.100000
,128,128,1438,1350,128,128,0.100000
,128,128,1638,1350,128,128,0.100000
,128,128,1838,1350,128,128,0.100000