TEXTUREID,ANIMAIONID,REPEAT(0: true, 1: false)
Little Bone,littleboneFalling,0

,128,128,1838,150,128,128,0.100000
,128,128,2038,150,128,128,0.100000
,128,128,2238,150,128,128,0.100000
,128,128,2438,150,128,128,0.100000