TEXTUREID,ANIMAIONID,REPEAT(0: true, 1: false)
Little Bone,littleboneThrowHead,0

,128,128,2638,150,128,128,0.100000
,128,128,2838,150,128,128,0.100000
,128,128,3038,150,128,128,0.100000
,128,128,3238,150,128,128,0.100000