TEXTUREID,ANIMAIONID,REPEAT(0: true, 1: false)
LittleBone_NonHead,littleBoneIdle_Run,0

,128,128,512,0,128,128,0.100000
,128,128,640,0,128,128,0.100000
,128,128,768,0,128,128,0.100000
,128,128,896,0,128,128,0.100000
,128,128,0,128,128,128,0.100000
,128,128,128,128,128,128,0.100000
,128,128,256,128,128,128,0.100000
,128,128,384,128,128,128,0.100000