TEXTUREID,ANIMAIONID,REPEAT(0: true, 1: false)
Little Bone,littleboneIdle,0

,128,128,38,0,128,128,0.100000
,128,128,238,0,128,128,0.100000
,128,128,438,0,128,128,0.100000
,128,128,638,0,128,128,0.100000