TEXTUREID,ANIMAIONID,REPEAT(0: true, 1: false)
Little Bone,littleboneAttack,0

,128,128,2438,0,128,128,0.100000
,128,128,2638,0,128,128,0.100000
,128,128,2838,0,128,128,0.100000
,128,128,3038,0,128,128,0.100000
,128,128,3238,0,128,128,0.100000