TEXTUREID,ANIMAIONID,REPEAT(0: true, 1: false)
Little Bone,littleboneAttack2,0

,128,128,3438,0,128,128,0.100000
,128,128,3638,0,128,128,0.100000
,128,128,3838,0,128,128,0.100000
,128,128,38,150,128,128,0.100000