TEXTUREID,ANIMAIONID,REPEAT(0: true, 1: false)
LittleBone_NonHead,noheadlittleboneAttack2,0

,128,128,128,256,128,128,0.100000
,128,128,256,256,128,128,0.100000
,128,128,384,256,128,128,0.100000
,128,128,512,256,128,128,0.100000