TEXTUREID,ANIMAIONID,REPEAT(0: true, 1: false)
LittleBone_NonHead,noheadlittleboneJumpAttack,0

,128,128,512,384,128,128,0.100000
,128,128,640,384,128,128,0.100000
,128,128,768,384,128,128,0.100000
,128,128,896,384,128,128,0.100000