TEXTUREID,ANIMAIONID,REPEAT(0: true, 1: false)
LittleBone_NonHead,noheadlittleboneFalling,0

,128,128,0,384,128,128,0.100000
,128,128,128,384,128,128,0.100000
,128,128,256,384,128,128,0.100000
,128,128,384,384,128,128,0.100000