TEXTUREID,ANIMAIONID,REPEAT(0: true, 1: false)
AwakeDimension,AwakeDemensionWaitEffect,0

,1000,30,0,0,1000,30,0.100000
,1000,30,0,30,1000,30,0.100000
,1000,30,0,60,1000,30,0.100000
,1000,30,0,90,1000,30,0.100000
,1000,30,0,120,1000,30,0.100000
,1000,30,0,150,1000,30,0.100000
,1000,30,0,180,1000,30,0.100000