TEXTUREID,ANIMAIONID,REPEAT(0: true, 1: false)
DropStart,AwakenDropStartEffect,0

,40,814,0,0,40,814,0.100000
,40,814,40,0,40,814,0.100000
,40,814,80,0,40,814,0.100000
,40,814,120,0,40,814,0.100000
,40,814,160,0,40,814,0.100000
,40,814,200,0,40,814,0.100000
,40,814,240,0,40,814,0.100000
,40,814,280,0,40,814,0.100000
,40,814,320,0,40,814,0.100000