TEXTUREID,ANIMAIONID,REPEAT(0: true, 1: false)
GroundAttackRazer,AwakeGroundAttackRazer,0

,134,360,0,0,134,360,0.100000
,134,360,134,0,134,360,0.100000
,134,360,268,0,134,360,0.100000
,134,360,402,0,134,360,0.100000
,134,360,536,0,134,360,0.100000
,134,360,670,0,134,360,0.100000
,134,360,804,0,134,360,0.100000