TEXTUREID,ANIMAIONID,REPEAT(0: true, 1: false)
DropEnd,AwakenDropEnd,0

,144,172,0,0,144,172,0.100000
,144,172,144,0,144,172,0.100000
,144,172,288,0,144,172,0.100000
,144,172,432,0,144,172,0.100000
,144,172,576,0,144,172,0.100000
,144,172,720,0,144,172,0.100000
,144,172,864,0,144,172,0.100000
,144,172,1008,0,144,172,0.100000
,144,172,1152,0,144,172,0.100000
,144,172,1296,0,144,172,0.100000
,144,172,1440,0,144,172,0.100000