TEXTUREID,ANIMAIONID,REPEAT(0: true, 1: false)
DeadCreate,AwakenDeadStart,0

,249,372,0,0,249,372,0.100000
,249,372,249,0,249,372,0.100000
,249,372,498,0,249,372,0.100000
,249,372,747,0,249,372,0.100000
,249,372,996,0,249,372,0.100000
,249,372,1245,0,249,372,0.100000
,249,372,1494,0,249,372,0.100000
,249,372,1743,0,249,372,0.100000
,249,372,1992,0,249,372,0.100000