TEXTUREID,ANIMAIONID,REPEAT(0: true, 1: false)
DimensionPierce,DimensionPierce,0

,256,54,0,0,256,54,0.100000
,256,54,256,0,256,54,0.100000
,256,54,512,0,256,54,0.100000
,256,54,768,0,256,54,0.100000
,256,54,1024,0,256,54,0.100000
,256,54,1280,0,256,54,0.100000
,256,54,1536,0,256,54,0.100000
,256,54,1792,0,256,54,0.100000
,256,54,2048,0,256,54,0.100000
,256,54,2304,0,256,54,0.100000