TEXTUREID,ANIMAIONID,REPEAT(0: true, 1: false)
DimensionPierceAttack,DimensionPierceAttack,0

,128,117,0,0,128,117,0.100000
,128,117,128,0,128,117,0.100000
,128,117,256,0,128,117,0.100000
,128,117,384,0,128,117,0.100000
,128,117,512,0,128,117,0.100000
,128,117,640,0,128,117,0.100000
,128,117,768,0,128,117,0.100000
,128,117,896,0,128,117,0.100000