TEXTUREID,ANIMAIONID,REPEAT(0: true, 1: false)
DimensionPierceImpact,DimensionPierceImpact,0

,1427,54,0,0,1427,54,0.100000
,1427,54,0,54,1427,54,0.100000
,1427,54,0,108,1427,54,0.100000
,1427,54,0,162,1427,54,0.100000
,1427,54,0,216,1427,54,0.100000
,1427,54,0,270,1427,54,0.100000