TEXTUREID,ANIMAIONID,REPEAT(0: true, 1: false)
MeteorGroundSmoke,MeteorGroundSmoke,0

,170,76,0,0,170,76,0.050000
,170,76,170,0,170,76,0.050000
,170,76,340,0,170,76,0.050000
,170,76,510,0,170,76,0.050000
,170,76,700,0,170,76,0.050000
,170,76,870,0,170,76,0.050000