TEXTUREID,ANIMAIONID,REPEAT(0: true, 1: false)
RisingPierceReady,RisingPierceReady,0

,80,184,0,0,80,184,0.05000
,80,184,80,0,80,184,0.05000
,80,184,160,0,80,184,0.05000
,80,184,240,0,80,184,0.05000
,80,184,320,0,80,184,0.05000
,80,184,400,0,80,184,0.05000
,80,184,480,0,80,184,0.05000
,80,184,560,0,80,184,0.05000
,80,184,640,0,80,184,0.05000