TEXTUREID,ANIMAIONID,REPEAT(0: true, 1: false)
TwinMeteorSign,TwinMeteorSign,0

,846,37,0,0,846,37,0.100000
,846,37,0,37,846,37,0.100000
,846,37,0,74,846,37,0.100000
,846,37,0,111,846,37,0.100000
,846,37,0,148,846,37,0.100000
,846,37,0,185,846,37,0.100000