TEXTUREID,ANIMAIONID,REPEAT(0: true, 1: false)
TwinMeteor,TwinMeteor,0

,256,18,0,0,256,18,0.100000
,256,18,0,18,256,18,0.100000
,256,18,0,36,256,18,0.100000
,256,18,0,54,256,18,0.100000
,256,18,0,72,256,18,0.100000
,256,18,0,90,256,18,0.100000
,256,18,0,108,256,18,0.100000
,256,18,0,126,256,18,0.100000
,256,18,0,144,256,18,0.100000