TEXTUREID,ANIMAIONID,REPEAT(0: true, 1: false)
Bossidle,bossDoorIdle,0

,221,158,0,0,221,158,0.100000
,221,158,221,0,221,158,0.100000
,221,158,442,0,221,158,0.100000
,221,158,663,0,221,158,0.100000
,221,158,884,0,221,158,0.100000
,221,158,1105,0,221,158,0.100000
,221,158,1326,0,221,158,0.100000
,221,158,1547,0,221,158,0.100000