TEXTUREID,ANIMAIONID,REPEAT(0: true, 1: false)
RayannaB,awakenReady,0

,132,102,0,127,60,58,0.100000
,132,102,60,127,60,58,0.100000
,132,102,120,127,60,58,0.100000
,132,102,180,127,60,58,0.100000
,132,102,240,127,60,58,0.100000
,132,102,300,127,60,58,0.100000
,132,102,360,127,60,58,0.100000
,132,102,420,127,60,58,0.100000
,132,102,480,127,60,58,0.100000