TEXTUREID,ANIMAIONID,REPEAT(0: true, 1: false)
RayannaB,dimensionPierceAttack,0

,132,102,0,344,90,84,0.100000
,132,102,90,344,90,84,0.100000
,132,102,180,344,90,84,0.100000
,132,102,270,344,90,84,0.100000
,132,102,360,344,90,84,0.100000