TEXTUREID,ANIMAIONID,REPEAT(0: true, 1: false)
RayannaB,dimensionPierce,0

,132,102,0,286,106,58,0.100000
,132,102,107,286,106,58,0.100000
,132,102,213,286,106,58,0.100000