TEXTUREID,ANIMAIONID,REPEAT(0: true, 1: false)
RayannaB,goldmeteorJump,0

,66,102,0,626,40,99,0.100000
,66,102,40,626,40,99,0.100000
,66,102,80,626,40,99,0.100000
,66,102,120,626,40,99,0.100000