TEXTUREID,ANIMAIONID,REPEAT(0: true, 1: false)
RayannaB,goldmeteorEnd,0

,132,102,0,555,80,71,0.100000
,132,102,80,555,80,71,0.100000
,132,102,160,555,80,71,0.100000
,132,102,240,555,80,71,0.100000
,132,102,320,555,80,71,0.100000