TEXTUREID,ANIMAIONID,REPEAT(0: true, 1: false)
RayannaB,goldmetorLanding,0

,132,102,0,725,49,47,0.100000
,132,102,49,725,49,47,0.100000
,132,102,98,725,49,47,0.100000
,132,102,147,725,49,47,0.100000
,132,102,196,725,49,47,0.100000