TEXTUREID,ANIMAIONID,REPEAT(0: true, 1: false)
RayannaB,goldmetorReady,0

,132,102,0,772,72,73,0.100000
,132,102,72,772,72,73,0.100000
,132,102,144,772,72,73,0.100000
,132,102,216,772,72,73,0.100000