TEXTUREID,ANIMAIONID,REPEAT(0: true, 1: false)
RayannaB,homingPierce,0

,132,102,0,847,74,60,0.100000
,132,102,74,847,74,60,0.100000
,132,102,148,847,74,60,0.100000
,132,102,222,847,74,60,0.100000
,132,102,296,847,74,60,0.100000