TEXTUREID,ANIMAIONID,REPEAT(0: true, 1: false)
RayannaB,homingpierceEnd,0

,132,102,0,907,91,74,0.100000
,132,102,91,907,91,74,0.100000
,132,102,182,907,91,74,0.100000
,132,102,273,907,91,74,0.100000
,132,102,364,907,91,74,0.100000