TEXTUREID,ANIMAIONID,REPEAT(0: true, 1: false)
RayannaB,meteorGroundLanding,0

,132,102,0,1284,126,43,0.100000
,132,102,126,1284,126,43,0.100000
,132,102,252,1284,126,43,0.100000
,132,102,378,1284,126,43,0.100000