TEXTUREID,ANIMAIONID,REPEAT(0: true, 1: false)
RayannaB,meteorGround2Ready,0

,132,102,324,1327,81,54,0.100000
,132,102,405,1327,81,54,0.100000
,132,102,486,1327,81,54,0.100000