TEXTUREID,ANIMAIONID,REPEAT(0: true, 1: false)
RayannaB,meteorLanding,0

,132,76,0,1459,98,42,0.100000
,132,76,98,1459,98,42,0.100000
,132,76,196,1459,98,42,0.100000
,132,76,294,1459,98,42,0.100000