TEXTUREID,ANIMAIONID,REPEAT(0: true, 1: false)
RayannaB,meteorGroundReady,0

,132,102,0,1327,81,54,0.100000
,132,102,81,1327,81,54,0.100000
,132,102,162,1327,81,54,0.100000
,132,102,243,1327,81,54,0.100000