TEXTUREID,ANIMAIONID,REPEAT(0: true, 1: false)
RayannaB,meteorReady,0

,132,102,0,1501,72,75,0.100000
,132,102,72,1501,72,75,0.100000
,132,102,144,1501,72,75,0.100000
,132,102,216,1501,72,75,0.100000