TEXTUREID,ANIMAIONID,REPEAT(0: true, 1: false)
RayannaB,meteorEnd,0

,132,102,0,1140,90,72,0.100000
,132,102,90,1140,90,72,0.100000
,132,102,180,1140,90,72,0.100000
,132,102,270,1140,90,72,0.100000
,132,102,360,1140,90,72,0.100000
,132,102,450,1140,90,72,0.100000
,132,102,540,1140,90,72,0.100000