TEXTUREID,ANIMAIONID,REPEAT(0: true, 1: false)
RayannaB,meteorJump,0

,132,102,0,1381,82,78,0.100000
,132,102,82,1381,82,78,0.100000
,132,102,164,1381,82,78,0.100000
,132,102,246,1381,82,78,0.100000